{
  "method": "AutoregressiveDiscretized",
  "timestamp": "20250516_030714",
  "final_reward_sampling": 8938.995659724942,
  "final_reward_greedy": 9524.45229145662,
  "best_reward": 9579.86266280606,
  "training_time_seconds": 1330.2675518989563,
  "loss_history": [
    1.8806172187859413,
    1.6770048835266258,
    1.6324120343013961,
    1.6023369914547527,
    1.5815362201482763,
    1.566737658152648,
    1.5552369673670186,
    1.5460540553404822,
    1.5391200697252536,
    1.5329255131183643,
    1.5275357048658398,
    1.5234594728144424,
    1.5196662742379716,
    1.51629238298154,
    1.5130959701764075,
    1.5111866176975848,
    1.5079088646088732,
    1.5055155294201386,
    1.5034711015167959,
    1.5019218675333177,
    1.5000129942645395,
    1.4983993478295927,
    1.4971326317267395,
    1.4953641328766447,
    1.4944584487173795,
    1.4930992281267428,
    1.491525891493847,
    1.4906476468271554,
    1.4899652011021618,
    1.4887631990333303,
    1.487707396593139,
    1.4869668758310979,
    1.4859103208469553,
    1.4857754715246048,
    1.4848008540004352,
    1.483862512484546,
    1.483178108902339,
    1.4822302194568218,
    1.4818388120822996,
    1.4809292493838269,
    1.4802395081633075,
    1.4796215455113995,
    1.4796199190673105,
    1.4791547482612575,
    1.478503914579961,
    1.478257050559419,
    1.4779020750127132,
    1.4774691501499917,
    1.476660168001437,
    1.4762164900088197
  ],
  "val_loss_history": [
    1.7108272596941156,
    1.6531559693611275,
    1.6172954025915114,
    1.591628821219428,
    1.5742944529501057,
    1.5741045818490498,
    1.5547509920799125,
    1.543109169450857,
    1.537519685292648,
    1.5288011259951835,
    1.5276046314481961,
    1.5250770338511064,
    1.5181628354525163,
    1.5184448785701041,
    1.5130551164433108,
    1.511521601070792,
    1.5063303618107813,
    1.505020899287725,
    1.5036302117978113,
    1.5073879280332791,
    1.5027211227659452,
    1.5002384236303425,
    1.4967825402647763,
    1.4953558939998433,
    1.5070667095103507,
    1.4948933498334076,
    1.4948656114481262,
    1.4949466444678225,
    1.490721303527638,
    1.4947287935321614,
    1.4926282096717318,
    1.4884093181561615,
    1.4902441441002539,
    1.4887831382832284,
    1.4912349268541498,
    1.487076148138208,
    1.4822749677350966,
    1.4832233463303517,
    1.4876410961151123,
    1.4814160132812242,
    1.4826622332556774,
    1.4874123910726127,
    1.4842461943626404,
    1.480270266532898,
    1.482707137778654,
    1.4798206282874284,
    1.4787806979680465,
    1.476346301830421,
    1.4783914149817774,
    1.476322489269709
  ],
  "reward_history_sampling": [
    2373.9775421091863,
    6123.851148137748,
    7701.061665383476,
    8360.180892747074,
    8804.701450549946,
    8860.060830622397,
    8929.243459523648,
    9003.070632235445,
    8921.372706783242,
    8894.261192994954
  ],
  "reward_history_greedy": [
    1516.5140672497648,
    8947.57425784416,
    9389.752971113256,
    9341.23939577721,
    9319.915977807254,
    9406.366054154523,
    9563.457590492619,
    9377.05033149228,
    9438.938348202812,
    9579.86266280606
  ],
  "eval_epochs": [
    5,
    10,
    15,
    20,
    25,
    30,
    35,
    40,
    45,
    50
  ],
  "hyperparameters": {
    "lr": 0.0001,
    "batch_size": 2048,
    "epochs": 50,
    "eval_interval": 5,
    "num_bins": 21
  }
}