{
  "method": "MoG-5",
  "timestamp": "20250514_020714",
  "final_reward": 7971.057547018728,
  "training_time_seconds": 908.2245078086853,
  "loss_history": [
    -28.06626879211165,
    -31.101258801191282,
    -31.12122597327599,
    -31.132296984419863,
    -31.136986796061198,
    -31.141915838127463,
    -31.14400448269314,
    -31.145092378926073,
    -31.148963269616804,
    -31.149264526367187,
    -31.151127856001896,
    -31.151933304876344,
    -31.15274135883038,
    -31.15304778987526,
    -31.154381033090445,
    -31.15467340844309,
    -31.155226757995084,
    -31.155313592894466,
    -31.156058273967513,
    -31.155968282976723,
    -31.15685603149936,
    -31.156906874567017,
    -31.157279870448967,
    -31.158329257802066,
    -31.15834856277857,
    -31.157195803650424,
    -31.157971595698953,
    -31.159274027897762,
    -31.15864540817391,
    -31.158981841649766,
    -31.15902708330725,
    -31.158445312630416,
    -31.15910348484659,
    -31.15905434046036,
    -31.15945509560088,
    -31.16016730610122,
    -31.159957253219734,
    -31.159872103960087,
    -31.1596498766516,
    -31.160454458252996,
    -31.16133309388772,
    -31.16009402478862,
    -31.16002429407886,
    -31.161104629386184,
    -31.160384492792634,
    -31.16144187144744,
    -31.16103554098015,
    -31.160700359507505,
    -31.16106901250334,
    -31.16202496585683
  ],
  "reward_history": [
    -239.77002681721706,
    -441.96242465211634,
    -7.7076776898976505,
    1939.3225351722267,
    6002.301727969227,
    7646.945828214333,
    3656.627548761674,
    6474.455351253467,
    8361.729831854263,
    8300.548090250119
  ],
  "hyperparameters": {
    "num_components": 5,
    "learning_rate": 0.0003,
    "batch_size": 4096,
    "epochs": 50,
    "eval_interval": 5,
    "bc_weight": 0.5
  }
}