{
  "method": "mog",
  "timestamp": "20250518_182848",
  "final_reward": 8527.956465403553,
  "training_time_seconds": 1270.5705678462982,
  "loss_history": [
    -27.82433384329532,
    -31.09827410813534,
    -31.117692401914887,
    -31.128286816857077,
    -31.133191123153225,
    -31.139516086289376,
    -31.141840786644906,
    -31.144897348953016,
    -31.146436405904364,
    -31.148257038810037,
    -31.14951109163689,
    -31.151237682862714,
    -31.15280505021413,
    -31.1521248998064,
    -31.153420740907844,
    -31.153791835813813,
    -31.15413381475391,
    -31.155175097060926,
    -31.15663304834655,
    -31.15702170675451,
    -31.15707156152436,
    -31.15728754708261,
    -31.157362060113385,
    -31.15761657555898,
    -31.157537799893003,
    -31.1580223531434,
    -31.158388766375456,
    -31.158265449784018,
    -31.15934598084652,
    -31.15871659192172,
    -31.158710259379763,
    -31.160099025928613,
    -31.159798918348372,
    -31.159485257033147,
    -31.159201495575182,
    -31.158986380605988,
    -31.159030928756252,
    -31.15944085699139,
    -31.159905621499725,
    -31.159670985106267,
    -31.159807447231177,
    -31.160629030429956,
    -31.160861250126,
    -31.15957966717807,
    -31.160454096216142,
    -31.16126298904419,
    -31.161145333087806,
    -31.15993625828714,
    -31.1601722240448,
    -31.16117201790665
  ],
  "val_loss_history": [
    0.18590185020939778,
    0.15041180106542879,
    0.12996351138009862,
    0.11552895883382377,
    0.10628005622302071,
    0.09817111429016469,
    0.09292701833834083,
    0.08811736510971845,
    0.08387099080166574,
    0.08068289014242463,
    0.07800457298250521,
    0.07599021393363758,
    0.07494739316782709,
    0.07306471176571765,
    0.07137590874049624,
    0.07032727235454624,
    0.06909232435085005,
    0.06842755665213375,
    0.06753718436269437,
    0.06688805518008895,
    0.06621660001702227,
    0.06588769300004184,
    0.06488417834043503,
    0.06455599554514481,
    0.06366916341801822,
    0.06372763210181463,
    0.06342451798461252,
    0.0629820639299134,
    0.06243038543705213,
    0.061851666829848696,
    0.06198299518328602,
    0.06153136176072945,
    0.06114178176148463,
    0.061022558770442416,
    0.0608946806672266,
    0.06025980229852563,
    0.060307715466972125,
    0.05974884886862868,
    0.06021465013845492,
    0.05998310958177357,
    0.05924441924287101,
    0.059315116791907006,
    0.05939168943944624,
    0.0586259947868727,
    0.05851642389671277,
    0.05921094378424903,
    0.05836048640184483,
    0.0577655194674508,
    0.05830044330934347,
    0.0575785854105222
  ],
  "reward_history": [
    -285.44021291232764,
    -327.2304089579025,
    281.798659878553,
    674.274580094878,
    825.8214335178043,
    4381.710725807878,
    6362.963952202171,
    7415.4040122958295,
    6881.936355914727,
    8759.330367838396
  ],
  "eval_epochs": [
    5,
    10,
    15,
    20,
    25,
    30,
    35,
    40,
    45,
    50
  ],
  "hyperparameters": {
    "batch_size": 4096,
    "epochs": 50,
    "lr": 0.0003,
    "eval_interval": 5,
    "model_type": "mog"
  }
}