{
  "method": "diffusion",
  "timestamp": "20250519_025053",
  "final_reward": 8964.355816733601,
  "training_time_seconds": 1887.8709192276,
  "loss_history": [
    0.43655622902918945,
    0.35281275037788984,
    0.34125174469116965,
    0.33452279922185524,
    0.3291692294067506,
    0.3236776206529502,
    0.3210616916079413,
    0.31793460565986054,
    0.3157219515944069,
    0.31374892005414673,
    0.3117490303561543,
    0.3101078234612942,
    0.3083930248676827,
    0.30780046032459446,
    0.3066756480909658,
    0.3066316153289694,
    0.3051946018681382,
    0.3046330004704721,
    0.30388573991755646,
    0.30309643071483483,
    0.30274365362570144,
    0.3026271624434175,
    0.30206519833794143,
    0.3009884554441228,
    0.3016963605627869,
    0.3009923689744689,
    0.3005807309439688,
    0.30010926870234084,
    0.2998981251748222,
    0.29878166859800165,
    0.29901233084048284,
    0.2988094397905198,
    0.2981702972090606,
    0.298350668992057,
    0.29826040227304806,
    0.2973297176261743,
    0.2974598884695407,
    0.2979625622092774,
    0.2973801421961098,
    0.29745200790013326,
    0.29711441786000226,
    0.29685250601985236,
    0.29737952893430536,
    0.2967644560743462,
    0.2962453859209111,
    0.2967025711003578,
    0.29607299461283465,
    0.2960753780084126,
    0.2956841953776099,
    0.2954846699581002
  ],
  "val_loss_history": [
    0.35850290928856804,
    0.34783751782724415,
    0.33616465027049436,
    0.33280330391253454,
    0.32793848342814685,
    0.32357605231010306,
    0.32122419698763705,
    0.3155727517806878,
    0.3153584473213907,
    0.31354519573308653,
    0.31108987482927614,
    0.3107487887649213,
    0.3106882016537553,
    0.3099299250012737,
    0.3052752396817935,
    0.305666101180901,
    0.301780216774698,
    0.3077047068183705,
    0.3057259083804438,
    0.30380887146723473,
    0.3025030498787508,
    0.3007835422532033,
    0.3028896450996399,
    0.299523128796432,
    0.30111911690841286,
    0.3010502861718,
    0.30186040320638885,
    0.3023872663409023,
    0.3015461917650902,
    0.2983357562857159,
    0.29774235921390985,
    0.2975343829494412,
    0.29826893644817803,
    0.29894878197524505,
    0.29782351245314387,
    0.29953384601463706,
    0.297583323919167,
    0.297077043076693,
    0.29686115858918527,
    0.29623354996665047,
    0.29747851016157767,
    0.2982973335152965,
    0.29643622040748596,
    0.2984195725392487,
    0.29602871557413524,
    0.2974535408666578,
    0.2960771625324831,
    0.29600352149898723,
    0.2962903946132983,
    0.29594086994559077
  ],
  "reward_history": [
    -178.41415628870476,
    3493.3011707069236,
    6636.150659617767,
    7325.528247028584,
    8643.885938702557,
    8726.213520043166,
    8922.915867599153,
    9028.728178889509,
    9001.425221984058,
    8191.706734081779
  ],
  "eval_epochs": [
    5,
    10,
    15,
    20,
    25,
    30,
    35,
    40,
    45,
    50
  ],
  "hyperparameters": {
    "batch_size": 4096,
    "epochs": 50,
    "lr": 0.0005,
    "eval_interval": 5,
    "model_type": "diffusion"
  }
}