{
  "method": "Diffusion",
  "timestamp": "20250515_041136",
  "final_reward": 8702.665647834681,
  "training_time_seconds": 1052.11159491539,
  "loss_history": [
    0.46327099418028805,
    0.35922153719470035,
    0.34801813435350726,
    0.34086199453753285,
    0.33572257201895755,
    0.3310710077102368,
    0.326816321692915,
    0.3233383360072079,
    0.3208198754196493,
    0.31933049788841833,
    0.31676694327949456,
    0.31498809579091197,
    0.3135012719366286,
    0.31190835690905905,
    0.31043678364183147,
    0.30956379781421434,
    0.30876035496719884,
    0.3076827533224709,
    0.30741185117990544,
    0.306571216460986,
    0.305886903940103,
    0.3054624049072592,
    0.30414297407508917,
    0.30349026205193286,
    0.30361309657748947,
    0.3029964845914107,
    0.3027528253885416,
    0.30185476144154866,
    0.3015496225948008,
    0.3014388780308585,
    0.3016454646220574,
    0.30074098711339836,
    0.3002056613946572,
    0.30055219969178876,
    0.29958988743969517,
    0.29993802538284886,
    0.2996801523061899,
    0.29894504312776093,
    0.29881461211758803,
    0.2985071116533035,
    0.29886423410513463,
    0.29796001534176686,
    0.29845547523254,
    0.2983418740777888,
    0.2977643884145297,
    0.2976684218288487,
    0.29770635835125914,
    0.29776577893485373,
    0.29675657341622896,
    0.29719622191200906
  ],
  "reward_history": [
    -313.9346150838263,
    1856.7376598320072,
    4614.744407805715,
    7118.468367134039,
    6999.175574775266,
    8596.390079359702,
    7815.251456674845,
    7150.4454197105415,
    8934.777041846037,
    9079.304295600541
  ],
  "hyperparameters": {
    "learning_rate": 0.0003,
    "batch_size": 4096,
    "epochs": 50,
    "eval_interval": 5,
    "n_timesteps": 100,
    "beta_schedule": "cosine",
    "sampling_steps": 50
  }
}