{
  "model": "halfcheetah_v4_actor_weights",
  "model_path": "models/expert/halfcheetah_v4_actor_weights.pt",
  "timestamp": "20250514_023536",
  "mean_reward": 10001.849557563479,
  "std_reward": 114.69347006556336,
  "min_reward": 9762.628849362507,
  "max_reward": 10260.929282106266,
  "rewards": [
    10260.929282106266,
    10038.233872720077,
    9956.493997528984,
    10027.140122704954,
    10126.897586796229,
    9950.066546395647,
    9935.353475821026,
    9762.628849362507,
    10065.136248377676,
    10095.264733903077,
    9977.599832949985,
    9930.69106447733,
    10114.2193807178,
    9937.691051150896,
    10003.07312367858,
    9942.990010382811,
    9895.378336766222,
    9934.218050154188,
    10206.320710389868,
    9876.664874885457
  ],
  "num_episodes": 20
}