{
  "method": "logprob",
  "timestamp": "20250519_032806",
  "final_reward": 9806.434177348336,
  "training_time_seconds": 915.0602791309357,
  "loss_history": [
    0.09838325228316314,
    0.0627593739367457,
    0.05675861570335022,
    0.054601713619900474,
    0.05312578187493438,
    0.05200053182091902,
    0.051403734339118906,
    0.05085951144186159,
    0.050362432177997,
    0.05004696238249766,
    0.04976142635992305,
    0.04934909970810016,
    0.0493071100843901,
    0.04908035264463362,
    0.04880315919096271,
    0.048632215821381775,
    0.04849312565232994,
    0.048386228094441874,
    0.04830701817109278,
    0.04813684843424143,
    0.048039999275440066,
    0.04784710924705547,
    0.04783255187089019,
    0.04773419266425525,
    0.047696767007988514,
    0.04765428195594612,
    0.047455788985120526,
    0.047457171053710306,
    0.04744092955000021,
    0.04738163794249748,
    0.0473415282145707,
    0.04722131493811806,
    0.04723532431561387,
    0.0472670989887168,
    0.047054479900521765,
    0.04706897819414735,
    0.047007912205475746,
    0.046962272389933016,
    0.04700516817639723,
    0.046934481943026185,
    0.0468559023910061,
    0.04683413501885353,
    0.046861932718787684,
    0.04673581402466604,
    0.04677018928906006,
    0.04671579204979494,
    0.0467469117632418,
    0.04663474874740297,
    0.046635556211130635,
    0.04660833590297085
  ],
  "val_loss_history": [
    0.06991329271409472,
    0.05868956825490725,
    0.05565907711447295,
    0.05452510613506123,
    0.052516725482576986,
    0.05346532854235778,
    0.05118223702756025,
    0.05075583240743411,
    0.05115113918811588,
    0.05028956187731129,
    0.050321982952497776,
    0.0503009809654648,
    0.04919184889581244,
    0.04902409648491164,
    0.0489566646263761,
    0.048938521199812325,
    0.04847258676664304,
    0.04987117136686535,
    0.04971239703186488,
    0.047949739116228234,
    0.0485065664654061,
    0.048550168273307506,
    0.04775745087003304,
    0.04849369571370594,
    0.048956472868636504,
    0.04765820976788715,
    0.04793738763211137,
    0.04827399842314801,
    0.04792782954745373,
    0.048013818655478754,
    0.047816627927250784,
    0.047292961660078014,
    0.04737860324271655,
    0.047076945082616,
    0.047429153411570245,
    0.04719932168974715,
    0.04759938200399027,
    0.04708069196697009,
    0.04673954465631711,
    0.047846594856957254,
    0.04686052030173399,
    0.04704517795372817,
    0.04715222278136318,
    0.04657777114692381,
    0.04735509179911371,
    0.047296507252474966,
    0.046836525706921595,
    0.046681875457703054,
    0.0471292775187452,
    0.04701926136168383
  ],
  "reward_history": [
    9482.9935732131,
    9798.363574412606,
    9696.633629487234,
    9763.210068970016,
    9461.288748304936,
    9787.324802086943,
    9742.789567786383,
    9796.970450436147,
    9824.271770902931,
    9732.534563351093
  ],
  "eval_epochs": [
    5,
    10,
    15,
    20,
    25,
    30,
    35,
    40,
    45,
    50
  ],
  "hyperparameters": {
    "batch_size": 4096,
    "epochs": 50,
    "lr": 0.0003,
    "eval_interval": 5,
    "model_type": "logprob"
  }
}