{
  "method": "Regression",
  "timestamp": "20250516_021849",
  "final_reward": 9765.404255151567,
  "best_reward": 9810.998523326594,
  "training_time_seconds": 1136.3520777225494,
  "loss_history": [
    0.12105719517051326,
    0.07633121591326185,
    0.06719033200805787,
    0.06212253493932186,
    0.05939648528164032,
    0.0575148626173277,
    0.0561572022277032,
    0.05506972128534204,
    0.054192845117283096,
    0.05351404153622722,
    0.05295810753488427,
    0.0525110672117692,
    0.052097415722800654,
    0.0517492356352614,
    0.05148465357261811,
    0.05119377689268352,
    0.05094099371424783,
    0.05075456779008793,
    0.05056956833078398,
    0.05040775419552744,
    0.05018815408456382,
    0.05005085652614657,
    0.04999343289230107,
    0.04980750280251435,
    0.049665365534088624,
    0.04953807870994247,
    0.049456327073099486,
    0.04939626679530641,
    0.0492662739308807,
    0.049157073066274135,
    0.049055779810059125,
    0.04897489197093163,
    0.04894711509417583,
    0.04883404616354766,
    0.04879045348384934,
    0.04871071248681624,
    0.048676041619613836,
    0.04860238615087988,
    0.048545672539709865,
    0.04847385071888919,
    0.04843188095219892,
    0.048340777438398784,
    0.048296431162487274,
    0.048241156551510234,
    0.04824679109369409,
    0.04814165436190451,
    0.04809978802057239,
    0.04808902218584766,
    0.048051070630267895,
    0.04801180209099399
  ],
  "val_loss_history": [
    0.08310556304404292,
    0.07038296039326716,
    0.06389216409396317,
    0.06017280013253123,
    0.05820006731960733,
    0.056953057141627295,
    0.055383442222314366,
    0.054134121985506205,
    0.053623369658144855,
    0.052893461501699386,
    0.05218598780111741,
    0.051636587733686984,
    0.05211797050374039,
    0.05167256298838025,
    0.05103585291338169,
    0.05060186265510017,
    0.050658586861218435,
    0.050902665797936716,
    0.05026838350725376,
    0.04989523756302009,
    0.05009830114826307,
    0.05010256916284561,
    0.049853725895538166,
    0.04936917309286231,
    0.049346295201172265,
    0.049159876812817686,
    0.04903502582367194,
    0.049440201971743064,
    0.04886917236371566,
    0.04919432416179423,
    0.048747058042277726,
    0.0489517032342442,
    0.0484060371705031,
    0.048553457673070795,
    0.048640378798216075,
    0.04838825860139677,
    0.048398987405886086,
    0.048365579633894616,
    0.04819443127361395,
    0.0485618151408636,
    0.048010194863555795,
    0.04785419287065328,
    0.048108786628660506,
    0.04801818760017217,
    0.04784346757046247,
    0.04783389269042823,
    0.0485384849105346,
    0.048023431956515476,
    0.04753356029169034,
    0.04797293264734543
  ],
  "reward_history": [
    837.7099547428619,
    9467.943875185254,
    9627.354805084082,
    9679.049207617714,
    9609.804492279116,
    9608.238892341196,
    9713.903120276953,
    9722.871211150108,
    9687.532772599016,
    9810.998523326594
  ],
  "eval_epochs": [
    5,
    10,
    15,
    20,
    25,
    30,
    35,
    40,
    45,
    50
  ],
  "hyperparameters": {
    "lr": 5e-05,
    "batch_size": 2048,
    "epochs": 50,
    "eval_interval": 5
  }
}