{
  "method": "autoreg",
  "timestamp": "20250518_192029",
  "final_reward": 9435.344896283752,
  "training_time_seconds": 1217.9247319698334,
  "loss_history": [
    2.0097970179084577,
    1.718868685265382,
    1.6720794974402948,
    1.644115557499004,
    1.6235970626726295,
    1.6064528926755444,
    1.5928775656855467,
    1.5830094705928455,
    1.5725052042892484,
    1.5645372005123082,
    1.5590644526210697,
    1.5527992365938244,
    1.5475301907369585,
    1.5433312835115376,
    1.5393911369822242,
    1.5354850364453865,
    1.53175925418283,
    1.5291837961836294,
    1.5259333424495929,
    1.5243150160619707,
    1.5212475668751833,
    1.5197206672393915,
    1.5169998863429734,
    1.5153474351673415,
    1.5141680409962481,
    1.5117940850781673,
    1.50960361212492,
    1.5081758779106718,
    1.507200770757415,
    1.5066010462063733,
    1.5045291700146415,
    1.5038362068660331,
    1.5028191195292906,
    1.501062604062485,
    1.500221638291171,
    1.499421939028032,
    1.4982292209610795,
    1.4975002803134196,
    1.495960022463943,
    1.4955320459875194,
    1.4947774789550088,
    1.4937422907713689,
    1.4938007843765346,
    1.4920004775578326,
    1.4920209497213364,
    1.4912261820652268,
    1.4921842901544138,
    1.4899676916274158,
    1.4887690225785428,
    1.4890514424804486
  ],
  "val_loss_history": [
    1.7631218554609913,
    1.6925865007659135,
    1.6595753956649264,
    1.6343358209577656,
    1.6172091354758054,
    1.6031745813660703,
    1.5895023891481304,
    1.5781172958471008,
    1.570136999679824,
    1.56587581917391,
    1.5598267397638095,
    1.5511749659554432,
    1.5465844707973933,
    1.5439529459355241,
    1.5382714615029804,
    1.537100729295763,
    1.5393822637654968,
    1.5317977000091036,
    1.5320308572154935,
    1.528936673018892,
    1.523434634936058,
    1.5201572482868777,
    1.516968785706213,
    1.5445607577340077,
    1.512170621904276,
    1.5132959414336642,
    1.5113392017655454,
    1.5129049854763483,
    1.5082988920858351,
    1.5077563988960396,
    1.507829399432166,
    1.5136502900366056,
    1.510417827105118,
    1.5054163205421578,
    1.5039981138908256,
    1.5004598104347617,
    1.4989672980066073,
    1.502322396989596,
    1.4979048563262163,
    1.4964762299747791,
    1.4977966466192472,
    1.5009283595165963,
    1.4949409981905404,
    1.4939175763372647,
    1.494654035164138,
    1.491710402197757,
    1.4975307270631952,
    1.490862563505011,
    1.491141317254406,
    1.4944457138999034
  ],
  "reward_history": [
    235.96569218991755,
    3862.063308863151,
    6673.086218196184,
    8077.773436411035,
    8033.0170505857095,
    8531.310893291902,
    8713.628939650831,
    8840.6660219057,
    8838.921308190012,
    8500.59932338968
  ],
  "eval_epochs": [
    5,
    10,
    15,
    20,
    25,
    30,
    35,
    40,
    45,
    50
  ],
  "hyperparameters": {
    "batch_size": 4096,
    "epochs": 50,
    "lr": 0.0001,
    "eval_interval": 5,
    "model_type": "autoreg"
  }
}